<?xml version="1.0" encoding="utf-8"?>
<extension type="module" version="4.0" client="site" method="upgrade">

    <name>Контактная форма</name>
    <author>nikita_turchinovich</author>
    <version>1.0.2</version>
    <description>Компактная контактная форма</description>

    <files>
        <filename module="mod_contact_form">mod_contact_form.php</filename>
        <filename>helper.php</filename>
        
        <folder>assets</folder>
        <filename>assets/contact.js</filename>
        <filename>assets/style.css</filename>
        
        <folder>tmpl</folder>
        <filename>tmpl/default.php</filename>
    </files>

</extension>
